"id","kabupaten","code","name","state_id/id"
"state_city.res_state_city1","True","res_state_city1","Kabupaten Aceh Barat","state_city.res_country_state1"
"state_city.res_state_city2","True","res_state_city2","Kabupaten Aceh Barat Daya","state_city.res_country_state1"
"state_city.res_state_city3","True","res_state_city3","Kabupaten Aceh Besar","state_city.res_country_state1"
"state_city.res_state_city4","True","res_state_city4","Kabupaten Aceh Jaya","state_city.res_country_state1"
"state_city.res_state_city5","True","res_state_city5","Kabupaten Aceh Selatan","state_city.res_country_state1"
"state_city.res_state_city6","True","res_state_city6","Kabupaten Aceh Singkil","state_city.res_country_state1"
"state_city.res_state_city7","True","res_state_city7","Kabupaten Aceh Tamiang","state_city.res_country_state1"
"state_city.res_state_city8","True","res_state_city8","Kabupaten Aceh Tengah","state_city.res_country_state1"
"state_city.res_state_city9","True","res_state_city9","Kabupaten Aceh Tenggara","state_city.res_country_state1"
"state_city.res_state_city10","True","res_state_city10","Kabupaten Aceh Timur","state_city.res_country_state1"
"state_city.res_state_city11","True","res_state_city11","Kabupaten Aceh Utara","state_city.res_country_state1"
"state_city.res_state_city12","False","res_state_city12","Kota Banda Aceh","state_city.res_country_state1"
"state_city.res_state_city13","True","res_state_city13","Kabupaten Bener Meriah","state_city.res_country_state1"
"state_city.res_state_city14","True","res_state_city14","Kabupaten Bireuen","state_city.res_country_state1"
"state_city.res_state_city15","True","res_state_city15","Kabupaten Gayo Lues","state_city.res_country_state1"
"state_city.res_state_city16","False","res_state_city16","Kota Lhokseumawe","state_city.res_country_state1"
"state_city.res_state_city17","True","res_state_city17","Kabupaten Nagan Raya","state_city.res_country_state1"
"state_city.res_state_city18","True","res_state_city18","Kabupaten Pidie","state_city.res_country_state1"
"state_city.res_state_city19","True","res_state_city19","Kabupaten Pidie Jaya","state_city.res_country_state1"
"state_city.res_state_city20","False","res_state_city20","Kota Sabang","state_city.res_country_state1"
"state_city.res_state_city21","True","res_state_city21","Kabupaten Simeulue","state_city.res_country_state1"
"state_city.res_state_city22","False","res_state_city22","Kota Subulussalam","state_city.res_country_state1"
"state_city.res_state_city23","True","res_state_city23","Kabupaten Gianyar","state_city.res_country_state2"
"state_city.res_state_city24","True","res_state_city24","Kabupaten Bangli","state_city.res_country_state2"
"state_city.res_state_city25","True","res_state_city25","Kabupaten Buleleng","state_city.res_country_state2"
"state_city.res_state_city26","True","res_state_city26","Kabupaten Tabanan","state_city.res_country_state2"
"state_city.res_state_city27","True","res_state_city27","Kabupaten Karangasem","state_city.res_country_state2"
"state_city.res_state_city28","True","res_state_city28","Kabupaten Badung","state_city.res_country_state2"
"state_city.res_state_city29","True","res_state_city29","Kabupaten Jembrana","state_city.res_country_state2"
"state_city.res_state_city30","True","res_state_city30","Kabupaten Klungkung","state_city.res_country_state2"
"state_city.res_state_city31","False","res_state_city31","Kota Denpasar","state_city.res_country_state2"
"state_city.res_state_city32","True","res_state_city32","Kabupaten Bangka Selatan","state_city.res_country_state3"
"state_city.res_state_city33","True","res_state_city33","Kabupaten Bangka Barat","state_city.res_country_state3"
"state_city.res_state_city34","True","res_state_city34","Kabupaten Belitung","state_city.res_country_state3"
"state_city.res_state_city35","False","res_state_city35","Kota Pangkal Pinang","state_city.res_country_state3"
"state_city.res_state_city36","True","res_state_city36","Kabupaten Bangka Tengah","state_city.res_country_state3"
"state_city.res_state_city37","True","res_state_city37","Kabupaten Bangka","state_city.res_country_state3"
"state_city.res_state_city38","True","res_state_city38","Kabupaten Belitung Timur","state_city.res_country_state3"
"state_city.res_state_city39","True","res_state_city39","Kabupaten Lebak","state_city.res_country_state4"
"state_city.res_state_city40","True","res_state_city40","Kabupaten Serang","state_city.res_country_state4"
"state_city.res_state_city41","False","res_state_city41","Kota Serang","state_city.res_country_state4"
"state_city.res_state_city42","True","res_state_city42","Kabupaten Tangerang","state_city.res_country_state4"
"state_city.res_state_city43","False","res_state_city43","Kota Tangerang","state_city.res_country_state4"
"state_city.res_state_city44","True","res_state_city44","Kabupaten Pandeglang","state_city.res_country_state4"
"state_city.res_state_city45","False","res_state_city45","Kota Tangerang Selatan","state_city.res_country_state4"
"state_city.res_state_city46","False","res_state_city46","Kota Cilegon","state_city.res_country_state4"
"state_city.res_state_city47","True","res_state_city47","Kabupaten Seluma","state_city.res_country_state5"
"state_city.res_state_city48","True","res_state_city48","Kabupaten Bengkulu Tengah","state_city.res_country_state5"
"state_city.res_state_city49","False","res_state_city49","Kota Bengkulu","state_city.res_country_state5"
"state_city.res_state_city50","True","res_state_city50","Kabupaten Muko Muko","state_city.res_country_state5"
"state_city.res_state_city51","True","res_state_city51","Kabupaten Rejang Lebong","state_city.res_country_state5"
"state_city.res_state_city52","True","res_state_city52","Kabupaten Kaur","state_city.res_country_state5"
"state_city.res_state_city53","True","res_state_city53","Kabupaten Bengkulu Selatan","state_city.res_country_state5"
"state_city.res_state_city54","True","res_state_city54","Kabupaten Kepahiang","state_city.res_country_state5"
"state_city.res_state_city55","True","res_state_city55","Kabupaten Lebong","state_city.res_country_state5"
"state_city.res_state_city56","True","res_state_city56","Kabupaten Bengkulu Utara","state_city.res_country_state5"
"state_city.res_state_city57","True","res_state_city57","Kabupaten Gunung Kidul","state_city.res_country_state6"
"state_city.res_state_city58","False","res_state_city58","Kota Yogyakarta","state_city.res_country_state6"
"state_city.res_state_city59","True","res_state_city59","Kabupaten Kulon Progo","state_city.res_country_state6"
"state_city.res_state_city60","True","res_state_city60","Kabupaten Sleman","state_city.res_country_state6"
"state_city.res_state_city61","True","res_state_city61","Kabupaten Bantul","state_city.res_country_state6"
"state_city.res_state_city62","False","res_state_city62","Jakarta Selatan","state_city.res_country_state7"
"state_city.res_state_city63","False","res_state_city63","Jakarta Utara","state_city.res_country_state7"
"state_city.res_state_city64","False","res_state_city64","Jakarta Pusat","state_city.res_country_state7"
"state_city.res_state_city65","False","res_state_city65","Jakarta Barat","state_city.res_country_state7"
"state_city.res_state_city66","False","res_state_city66","Jakarta Timur","state_city.res_country_state7"
"state_city.res_state_city67","True","res_state_city67","Kabupaten Kepulauan Seribu","state_city.res_country_state7"
"state_city.res_state_city68","True","res_state_city68","Kabupaten Boalemo","state_city.res_country_state8"
"state_city.res_state_city69","True","res_state_city69","Kabupaten Pohuwato","state_city.res_country_state8"
"state_city.res_state_city70","True","res_state_city70","Kabupaten Gorontalo Utara","state_city.res_country_state8"
"state_city.res_state_city71","True","res_state_city71","Kabupaten Gorontalo","state_city.res_country_state8"
"state_city.res_state_city72","True","res_state_city72","Kabupaten Bone Bolango","state_city.res_country_state8"
"state_city.res_state_city73","False","res_state_city73","Kota Gorontalo","state_city.res_country_state8"
"state_city.res_state_city74","True","res_state_city74","Kabupaten Tebo","state_city.res_country_state9"
"state_city.res_state_city75","True","res_state_city75","Kabupaten Tanjung Jabung Barat","state_city.res_country_state9"
"state_city.res_state_city76","True","res_state_city76","Kabupaten Merangin","state_city.res_country_state9"
"state_city.res_state_city77","False","res_state_city77","Kota Jambi","state_city.res_country_state9"
"state_city.res_state_city78","True","res_state_city78","Kabupaten Bungo","state_city.res_country_state9"
"state_city.res_state_city79","False","res_state_city79","Kota Sungaipenuh","state_city.res_country_state9"
"state_city.res_state_city80","True","res_state_city80","Kabupaten Muaro Jambi","state_city.res_country_state9"
"state_city.res_state_city81","True","res_state_city81","Kabupaten Kerinci","state_city.res_country_state9"
"state_city.res_state_city82","True","res_state_city82","Kabupaten Sarolangun","state_city.res_country_state9"
"state_city.res_state_city83","True","res_state_city83","Kabupaten Tanjung Jabung Timur","state_city.res_country_state9"
"state_city.res_state_city84","True","res_state_city84","Kabupaten Batanghari","state_city.res_country_state9"
"state_city.res_state_city85","True","res_state_city85","Kabupaten Indramayu","state_city.res_country_state10"
"state_city.res_state_city86","True","res_state_city86","Kabupaten Cirebon","state_city.res_country_state10"
"state_city.res_state_city87","True","res_state_city87","Kabupaten Cianjur","state_city.res_country_state10"
"state_city.res_state_city88","True","res_state_city88","Kabupaten Sukabumi","state_city.res_country_state10"
"state_city.res_state_city89","False","res_state_city89","Kota Sukabumi","state_city.res_country_state10"
"state_city.res_state_city90","True","res_state_city90","Kabupaten Purwakarta","state_city.res_country_state10"
"state_city.res_state_city91","True","res_state_city91","Kabupaten Garut","state_city.res_country_state10"
"state_city.res_state_city92","True","res_state_city92","Kabupaten Sumedang","state_city.res_country_state10"
"state_city.res_state_city93","False","res_state_city93","Kota Bandung","state_city.res_country_state10"
"state_city.res_state_city94","True","res_state_city94","Kabupaten Karawang","state_city.res_country_state10"
"state_city.res_state_city95","True","res_state_city95","Kabupaten Bogor","state_city.res_country_state10"
"state_city.res_state_city96","False","res_state_city96","Kota Tasikmalaya","state_city.res_country_state10"
"state_city.res_state_city97","True","res_state_city97","Kabupaten Bekasi","state_city.res_country_state10"
"state_city.res_state_city98","True","res_state_city98","Kabupaten Tasikmalaya","state_city.res_country_state10"
"state_city.res_state_city99","False","res_state_city99","Kota Depok","state_city.res_country_state10"
"state_city.res_state_city100","True","res_state_city100","Kabupaten Subang","state_city.res_country_state10"
"state_city.res_state_city101","False","res_state_city101","Kota Bogor","state_city.res_country_state10"
"state_city.res_state_city102","True","res_state_city102","Kabupaten Ciamis","state_city.res_country_state10"
"state_city.res_state_city103","True","res_state_city103","Kabupaten Majalengka","state_city.res_country_state10"
"state_city.res_state_city104","True","res_state_city104","Kabupaten Kuningan","state_city.res_country_state10"
"state_city.res_state_city105","True","res_state_city105","Kabupaten Bandung","state_city.res_country_state10"
"state_city.res_state_city106","True","res_state_city106","Kabupaten Bandung Barat","state_city.res_country_state10"
"state_city.res_state_city107","True","res_state_city107","Kabupaten Pangandaran","state_city.res_country_state10"
"state_city.res_state_city108","False","res_state_city108","Kota Bekasi","state_city.res_country_state10"
"state_city.res_state_city109","False","res_state_city109","Kota Banjar","state_city.res_country_state10"
"state_city.res_state_city110","False","res_state_city110","Kota Cirebon","state_city.res_country_state10"
"state_city.res_state_city111","False","res_state_city111","Kota Cimahi","state_city.res_country_state10"
"state_city.res_state_city112","True","res_state_city112","Kabupaten Wonogiri","state_city.res_country_state11"
"state_city.res_state_city113","True","res_state_city113","Kabupaten Batang","state_city.res_country_state11"
"state_city.res_state_city114","True","res_state_city114","Kabupaten Wonosobo","state_city.res_country_state11"
"state_city.res_state_city115","True","res_state_city115","Kabupaten Boyolali","state_city.res_country_state11"
"state_city.res_state_city116","True","res_state_city116","Kabupaten Klaten","state_city.res_country_state11"
"state_city.res_state_city117","True","res_state_city117","Kabupaten Demak","state_city.res_country_state11"
"state_city.res_state_city118","True","res_state_city118","Kabupaten Pekalongan","state_city.res_country_state11"
"state_city.res_state_city119","True","res_state_city119","Kabupaten Temanggung","state_city.res_country_state11"
"state_city.res_state_city120","True","res_state_city120","Kabupaten Grobogan","state_city.res_country_state11"
"state_city.res_state_city121","True","res_state_city121","Kabupaten Pati","state_city.res_country_state11"
"state_city.res_state_city122","True","res_state_city122","Kabupaten Magelang","state_city.res_country_state11"
"state_city.res_state_city123","True","res_state_city123","Kabupaten Sukoharjo","state_city.res_country_state11"
"state_city.res_state_city124","True","res_state_city124","Kabupaten Kendal","state_city.res_country_state11"
"state_city.res_state_city125","True","res_state_city125","Kabupaten Jepara","state_city.res_country_state11"
"state_city.res_state_city126","True","res_state_city126","Kabupaten Pemalang","state_city.res_country_state11"
"state_city.res_state_city127","True","res_state_city127","Kabupaten Tegal","state_city.res_country_state11"
"state_city.res_state_city128","True","res_state_city128","Kabupaten Banyumas","state_city.res_country_state11"
"state_city.res_state_city129","True","res_state_city129","Kabupaten Banjarnegara","state_city.res_country_state11"
"state_city.res_state_city130","True","res_state_city130","Kabupaten Brebes","state_city.res_country_state11"
"state_city.res_state_city131","True","res_state_city131","Kabupaten Cilacap","state_city.res_country_state11"
"state_city.res_state_city132","True","res_state_city132","Kabupaten Semarang","state_city.res_country_state11"
"state_city.res_state_city133","True","res_state_city133","Kabupaten Kudus","state_city.res_country_state11"
"state_city.res_state_city134","True","res_state_city134","Kabupaten Blora","state_city.res_country_state11"
"state_city.res_state_city135","False","res_state_city135","Kota Semarang","state_city.res_country_state11"
"state_city.res_state_city136","False","res_state_city136","Kota Salatiga","state_city.res_country_state11"
"state_city.res_state_city137","False","res_state_city137","Kota Tegal","state_city.res_country_state11"
"state_city.res_state_city138","True","res_state_city138","Kabupaten Karanganyar","state_city.res_country_state11"
"state_city.res_state_city139","True","res_state_city139","Kabupaten Sragen","state_city.res_country_state11"
"state_city.res_state_city140","True","res_state_city140","Kabupaten Rembang","state_city.res_country_state11"
"state_city.res_state_city141","True","res_state_city141","Kabupaten Kebumen","state_city.res_country_state11"
"state_city.res_state_city142","False","res_state_city142","Kota Surakarta","state_city.res_country_state11"
"state_city.res_state_city143","True","res_state_city143","Kabupaten Purbalingga","state_city.res_country_state11"
"state_city.res_state_city144","True","res_state_city144","Kabupaten Purworejo","state_city.res_country_state11"
"state_city.res_state_city145","False","res_state_city145","Kota Pekalongan","state_city.res_country_state11"
"state_city.res_state_city146","False","res_state_city146","Kota Magelang","state_city.res_country_state11"
"state_city.res_state_city147","True","res_state_city147","Kabupaten Bangkalan","state_city.res_country_state12"
"state_city.res_state_city148","True","res_state_city148","Kabupaten Banyuwangi","state_city.res_country_state12"
"state_city.res_state_city149","False","res_state_city149","Kota Batu","state_city.res_country_state12"
"state_city.res_state_city150","False","res_state_city150","Kota Blitar","state_city.res_country_state12"
"state_city.res_state_city151","True","res_state_city151","Kabupaten Blitar","state_city.res_country_state12"
"state_city.res_state_city152","True","res_state_city152","Kabupaten Bojonegoro","state_city.res_country_state12"
"state_city.res_state_city153","True","res_state_city153","Kabupaten Bondowoso","state_city.res_country_state12"
"state_city.res_state_city154","True","res_state_city154","Kabupaten Gresik","state_city.res_country_state12"
"state_city.res_state_city155","True","res_state_city155","Kabupaten Jember","state_city.res_country_state12"
"state_city.res_state_city156","True","res_state_city156","Kabupaten Jombang","state_city.res_country_state12"
"state_city.res_state_city157","False","res_state_city157","Kota Kediri","state_city.res_country_state12"
"state_city.res_state_city158","True","res_state_city158","Kabupaten Kediri","state_city.res_country_state12"
"state_city.res_state_city159","True","res_state_city159","Kabupaten Lamongan","state_city.res_country_state12"
"state_city.res_state_city160","True","res_state_city160","Kabupaten Lumajang","state_city.res_country_state12"
"state_city.res_state_city161","False","res_state_city161","Kota Madiun","state_city.res_country_state12"
"state_city.res_state_city162","True","res_state_city162","Kabupaten Madiun","state_city.res_country_state12"
"state_city.res_state_city163","True","res_state_city163","Kabupaten Magetan","state_city.res_country_state12"
"state_city.res_state_city164","False","res_state_city164","Kota Malang","state_city.res_country_state12"
"state_city.res_state_city165","True","res_state_city165","Kabupaten Malang","state_city.res_country_state12"
"state_city.res_state_city166","False","res_state_city166","Kota Mojokerto","state_city.res_country_state12"
"state_city.res_state_city167","True","res_state_city167","Kabupaten Mojokerto","state_city.res_country_state12"
"state_city.res_state_city168","True","res_state_city168","Kabupaten Nganjuk","state_city.res_country_state12"
"state_city.res_state_city169","True","res_state_city169","Kabupaten Ngawi","state_city.res_country_state12"
"state_city.res_state_city170","True","res_state_city170","Kabupaten Pacitan","state_city.res_country_state12"
"state_city.res_state_city171","True","res_state_city171","Kabupaten Pamekasan","state_city.res_country_state12"
"state_city.res_state_city172","False","res_state_city172","Kota Pasuruan","state_city.res_country_state12"
"state_city.res_state_city173","True","res_state_city173","Kabupaten Pasuruan","state_city.res_country_state12"
"state_city.res_state_city174","True","res_state_city174","Kabupaten Ponorogo","state_city.res_country_state12"
"state_city.res_state_city175","False","res_state_city175","Kota Probolinggo","state_city.res_country_state12"
"state_city.res_state_city176","True","res_state_city176","Kabupaten Probolinggo","state_city.res_country_state12"
"state_city.res_state_city177","True","res_state_city177","Kabupaten Sampang","state_city.res_country_state12"
"state_city.res_state_city178","True","res_state_city178","Kabupaten Sidoarjo","state_city.res_country_state12"
"state_city.res_state_city179","True","res_state_city179","Kabupaten Situbondo","state_city.res_country_state12"
"state_city.res_state_city180","True","res_state_city180","Kabupaten Sumenep","state_city.res_country_state12"
"state_city.res_state_city181","False","res_state_city181","Kota Surabaya","state_city.res_country_state12"
"state_city.res_state_city182","True","res_state_city182","Kabupaten Trenggalek","state_city.res_country_state12"
"state_city.res_state_city183","True","res_state_city183","Kabupaten Tuban","state_city.res_country_state12"
"state_city.res_state_city184","True","res_state_city184","Kabupaten Tulungagung","state_city.res_country_state12"
"state_city.res_state_city185","True","res_state_city185","Kabupaten Bengkayang","state_city.res_country_state13"
"state_city.res_state_city186","True","res_state_city186","Kabupaten Kapuas Hulu","state_city.res_country_state13"
"state_city.res_state_city187","True","res_state_city187","Kabupaten Kayong Utara","state_city.res_country_state13"
"state_city.res_state_city188","True","res_state_city188","Kabupaten Ketapang","state_city.res_country_state13"
"state_city.res_state_city189","True","res_state_city189","Kabupaten Kubu Raya","state_city.res_country_state13"
"state_city.res_state_city190","True","res_state_city190","Kabupaten Landak","state_city.res_country_state13"
"state_city.res_state_city191","True","res_state_city191","Kabupaten Melawi","state_city.res_country_state13"
"state_city.res_state_city192","True","res_state_city192","Kabupaten Mempawah","state_city.res_country_state13"
"state_city.res_state_city193","False","res_state_city193","Kota Pontianak","state_city.res_country_state13"
"state_city.res_state_city194","True","res_state_city194","Kabupaten Sambas","state_city.res_country_state13"
"state_city.res_state_city195","True","res_state_city195","Kabupaten Sanggau","state_city.res_country_state13"
"state_city.res_state_city196","True","res_state_city196","Kabupaten Sekadau","state_city.res_country_state13"
"state_city.res_state_city197","False","res_state_city197","Kota Singkawang","state_city.res_country_state13"
"state_city.res_state_city198","True","res_state_city198","Kabupaten Sintang","state_city.res_country_state13"
"state_city.res_state_city199","True","res_state_city199","Kabupaten Balangan","state_city.res_country_state14"
"state_city.res_state_city200","True","res_state_city200","Kabupaten Banjar","state_city.res_country_state14"
"state_city.res_state_city201","False","res_state_city201","Kota Banjarbaru","state_city.res_country_state14"
"state_city.res_state_city202","False","res_state_city202","Kota Banjarmasin","state_city.res_country_state14"
"state_city.res_state_city203","True","res_state_city203","Kabupaten Barito Kuala","state_city.res_country_state14"
"state_city.res_state_city204","True","res_state_city204","Kabupaten Hulu Sungai Selatan","state_city.res_country_state14"
"state_city.res_state_city205","True","res_state_city205","Kabupaten Hulu Sungai Tengah","state_city.res_country_state14"
"state_city.res_state_city206","True","res_state_city206","Kabupaten Hulu Sungai Utara","state_city.res_country_state14"
"state_city.res_state_city207","True","res_state_city207","Kabupaten Kotabaru","state_city.res_country_state14"
"state_city.res_state_city208","True","res_state_city208","Kabupaten Tabalong","state_city.res_country_state14"
"state_city.res_state_city209","True","res_state_city209","Kabupaten Tanah Bumbu","state_city.res_country_state14"
"state_city.res_state_city210","True","res_state_city210","Kabupaten Tanah Laut","state_city.res_country_state14"
"state_city.res_state_city211","True","res_state_city211","Kabupaten Tapin","state_city.res_country_state14"
"state_city.res_state_city212","True","res_state_city212","Kabupaten Barito Selatan","state_city.res_country_state15"
"state_city.res_state_city213","True","res_state_city213","Kabupaten Barito Timur","state_city.res_country_state15"
"state_city.res_state_city214","True","res_state_city214","Kabupaten Barito Utara","state_city.res_country_state15"
"state_city.res_state_city215","True","res_state_city215","Kabupaten Gunung Mas","state_city.res_country_state15"
"state_city.res_state_city216","True","res_state_city216","Kabupaten Kapuas","state_city.res_country_state15"
"state_city.res_state_city217","True","res_state_city217","Kabupaten Katingan","state_city.res_country_state15"
"state_city.res_state_city218","True","res_state_city218","Kabupaten Kotawaringin Barat","state_city.res_country_state15"
"state_city.res_state_city219","True","res_state_city219","Kabupaten Kotawaringin Timur","state_city.res_country_state15"
"state_city.res_state_city220","True","res_state_city220","Kabupaten Lamandau","state_city.res_country_state15"
"state_city.res_state_city221","True","res_state_city221","Kabupaten Murung Raya","state_city.res_country_state15"
"state_city.res_state_city222","False","res_state_city222","Kota Palangkaraya","state_city.res_country_state15"
"state_city.res_state_city223","True","res_state_city223","Kabupaten Pulang Pisau","state_city.res_country_state15"
"state_city.res_state_city224","True","res_state_city224","Kabupaten Seruyan","state_city.res_country_state15"
"state_city.res_state_city225","True","res_state_city225","Kabupaten Sukamara","state_city.res_country_state15"
"state_city.res_state_city226","False","res_state_city226","Kota Balikpapan","state_city.res_country_state16"
"state_city.res_state_city227","True","res_state_city227","Kabupaten Berau","state_city.res_country_state16"
"state_city.res_state_city228","False","res_state_city228","Kota Bontang","state_city.res_country_state16"
"state_city.res_state_city229","True","res_state_city229","Kabupaten Kutai Barat","state_city.res_country_state16"
"state_city.res_state_city230","True","res_state_city230","Kabupaten Kutai Kartanegara","state_city.res_country_state16"
"state_city.res_state_city231","True","res_state_city231","Kabupaten Kutai Timur","state_city.res_country_state16"
"state_city.res_state_city232","True","res_state_city232","Kabupaten Mahakam Ulu","state_city.res_country_state16"
"state_city.res_state_city233","True","res_state_city233","Kabupaten Paser","state_city.res_country_state16"
"state_city.res_state_city234","True","res_state_city234","Kabupaten Penajam Paser Utara","state_city.res_country_state16"
"state_city.res_state_city235","False","res_state_city235","Kota Samarinda","state_city.res_country_state16"
"state_city.res_state_city236","True","res_state_city236","Kabupaten Bulungan","state_city.res_country_state17"
"state_city.res_state_city237","True","res_state_city237","Kabupaten Malinau","state_city.res_country_state17"
"state_city.res_state_city238","True","res_state_city238","Kabupaten Nunukan","state_city.res_country_state17"
"state_city.res_state_city239","True","res_state_city239","Kabupaten Tana Tidung","state_city.res_country_state17"
"state_city.res_state_city240","False","res_state_city240","Kota Tarakan","state_city.res_country_state17"
"state_city.res_state_city241","False","res_state_city241","Kota Batam","state_city.res_country_state18"
"state_city.res_state_city242","True","res_state_city242","Kabupaten Bintan","state_city.res_country_state18"
"state_city.res_state_city243","True","res_state_city243","Kabupaten Karimun","state_city.res_country_state18"
"state_city.res_state_city244","True","res_state_city244","Kabupaten Kepulauan Anambas","state_city.res_country_state18"
"state_city.res_state_city245","True","res_state_city245","Kabupaten Lingga","state_city.res_country_state18"
"state_city.res_state_city246","True","res_state_city246","Kabupaten Natuna","state_city.res_country_state18"
"state_city.res_state_city247","False","res_state_city247","Kota Tanjung Pinang","state_city.res_country_state18"
"state_city.res_state_city248","False","res_state_city248","Kota Bandar Lampung","state_city.res_country_state19"
"state_city.res_state_city249","True","res_state_city249","Kabupaten Lampung Barat","state_city.res_country_state19"
"state_city.res_state_city250","True","res_state_city250","Kabupaten Lampung Selatan","state_city.res_country_state19"
"state_city.res_state_city251","True","res_state_city251","Kabupaten Lampung Tengah","state_city.res_country_state19"
"state_city.res_state_city252","True","res_state_city252","Kabupaten Lampung Timur","state_city.res_country_state19"
"state_city.res_state_city253","True","res_state_city253","Kabupaten Lampung Utara","state_city.res_country_state19"
"state_city.res_state_city254","True","res_state_city254","Kabupaten Mesuji","state_city.res_country_state19"
"state_city.res_state_city255","False","res_state_city255","Kota Metro","state_city.res_country_state19"
"state_city.res_state_city256","True","res_state_city256","Kabupaten Pesawaran","state_city.res_country_state19"
"state_city.res_state_city257","True","res_state_city257","Kabupaten Pesisir Barat","state_city.res_country_state19"
"state_city.res_state_city258","True","res_state_city258","Kabupaten Pringsewu","state_city.res_country_state19"
"state_city.res_state_city259","True","res_state_city259","Kabupaten Tanggamus","state_city.res_country_state19"
"state_city.res_state_city260","True","res_state_city260","Kabupaten Tulang Bawang","state_city.res_country_state19"
"state_city.res_state_city261","True","res_state_city261","Kabupaten Tulang Bawang Barat","state_city.res_country_state19"
"state_city.res_state_city262","True","res_state_city262","Kabupaten Way Kanan","state_city.res_country_state19"
"state_city.res_state_city263","False","res_state_city263","Kota Ambon","state_city.res_country_state20"
"state_city.res_state_city264","True","res_state_city264","Kabupaten Buru","state_city.res_country_state20"
"state_city.res_state_city265","True","res_state_city265","Kabupaten Buru Selatan","state_city.res_country_state20"
"state_city.res_state_city266","True","res_state_city266","Kabupaten Kepulauan Aru","state_city.res_country_state20"
"state_city.res_state_city267","True","res_state_city267","Kabupaten Maluku Barat Daya","state_city.res_country_state20"
"state_city.res_state_city268","True","res_state_city268","Kabupaten Maluku Tengah","state_city.res_country_state20"
"state_city.res_state_city269","True","res_state_city269","Kabupaten Maluku Tenggara","state_city.res_country_state20"
"state_city.res_state_city270","True","res_state_city270","Kabupaten Maluku Tenggara Barat","state_city.res_country_state20"
"state_city.res_state_city271","True","res_state_city271","Kabupaten Seram Bagian Barat","state_city.res_country_state20"
"state_city.res_state_city272","True","res_state_city272","Kabupaten Seram Bagian Timur","state_city.res_country_state20"
"state_city.res_state_city273","False","res_state_city273","Kota Tual","state_city.res_country_state20"
"state_city.res_state_city274","True","res_state_city274","Kabupaten Halmahera Barat","state_city.res_country_state21"
"state_city.res_state_city275","True","res_state_city275","Kabupaten Halmahera Selatan","state_city.res_country_state21"
"state_city.res_state_city276","True","res_state_city276","Kabupaten Halmahera Tengah","state_city.res_country_state21"
"state_city.res_state_city277","True","res_state_city277","Kabupaten Halmahera Timur","state_city.res_country_state21"
"state_city.res_state_city278","True","res_state_city278","Kabupaten Halmahera Utara","state_city.res_country_state21"
"state_city.res_state_city279","True","res_state_city279","Kabupaten Kepulauan Sula","state_city.res_country_state21"
"state_city.res_state_city280","True","res_state_city280","Kabupaten Pulau Morotai","state_city.res_country_state21"
"state_city.res_state_city281","True","res_state_city281","Kabupaten Pulau Taliabu","state_city.res_country_state21"
"state_city.res_state_city282","False","res_state_city282","Kota Ternate","state_city.res_country_state21"
"state_city.res_state_city283","False","res_state_city283","Kota Tidore","state_city.res_country_state21"
"state_city.res_state_city284","False","res_state_city284","Kota Bima","state_city.res_country_state22"
"state_city.res_state_city285","True","res_state_city285","Kabupaten Bima","state_city.res_country_state22"
"state_city.res_state_city286","True","res_state_city286","Kabupaten Dompu","state_city.res_country_state22"
"state_city.res_state_city287","True","res_state_city287","Kabupaten Lombok Barat","state_city.res_country_state22"
"state_city.res_state_city288","True","res_state_city288","Kabupaten Lombok Tengah","state_city.res_country_state22"
"state_city.res_state_city289","True","res_state_city289","Kabupaten Lombok Timur","state_city.res_country_state22"
"state_city.res_state_city290","True","res_state_city290","Kabupaten Lombok Utara","state_city.res_country_state22"
"state_city.res_state_city291","False","res_state_city291","Kota Mataram","state_city.res_country_state22"
"state_city.res_state_city292","True","res_state_city292","Kabupaten Sumbawa","state_city.res_country_state22"
"state_city.res_state_city293","True","res_state_city293","Kabupaten Sumbawa Barat","state_city.res_country_state22"
"state_city.res_state_city294","True","res_state_city294","Kabupaten Alor","state_city.res_country_state23"
"state_city.res_state_city295","True","res_state_city295","Kabupaten Belu","state_city.res_country_state23"
"state_city.res_state_city296","True","res_state_city296","Kabupaten Ende","state_city.res_country_state23"
"state_city.res_state_city297","True","res_state_city297","Kabupaten Flores Timur","state_city.res_country_state23"
"state_city.res_state_city298","False","res_state_city298","Kota Kupang","state_city.res_country_state23"
"state_city.res_state_city299","True","res_state_city299","Kabupaten Kupang","state_city.res_country_state23"
"state_city.res_state_city300","True","res_state_city300","Kabupaten Lembata","state_city.res_country_state23"
"state_city.res_state_city301","True","res_state_city301","Kabupaten Malaka","state_city.res_country_state23"
"state_city.res_state_city302","True","res_state_city302","Kabupaten Manggarai","state_city.res_country_state23"
"state_city.res_state_city303","True","res_state_city303","Kabupaten Manggarai Barat","state_city.res_country_state23"
"state_city.res_state_city304","True","res_state_city304","Kabupaten Manggarai Timur","state_city.res_country_state23"
"state_city.res_state_city305","True","res_state_city305","Kabupaten Nagekeo","state_city.res_country_state23"
"state_city.res_state_city306","True","res_state_city306","Kabupaten Ngada","state_city.res_country_state23"
"state_city.res_state_city307","True","res_state_city307","Kabupaten Rote Ndao","state_city.res_country_state23"
"state_city.res_state_city308","True","res_state_city308","Kabupaten Sabu Raijua","state_city.res_country_state23"
"state_city.res_state_city309","True","res_state_city309","Kabupaten Sikka","state_city.res_country_state23"
"state_city.res_state_city310","True","res_state_city310","Kabupaten Sumba Barat","state_city.res_country_state23"
"state_city.res_state_city311","True","res_state_city311","Kabupaten Sumba Barat Daya","state_city.res_country_state23"
"state_city.res_state_city312","True","res_state_city312","Kabupaten Sumba Tengah","state_city.res_country_state23"
"state_city.res_state_city313","True","res_state_city313","Kabupaten Sumba Timur","state_city.res_country_state23"
"state_city.res_state_city314","True","res_state_city314","Kabupaten Timor Tengah Selatan","state_city.res_country_state23"
"state_city.res_state_city315","True","res_state_city315","Kabupaten Timor Tengah Utara","state_city.res_country_state23"
"state_city.res_state_city316","True","res_state_city316","Kabupaten Asmat","state_city.res_country_state24"
"state_city.res_state_city317","True","res_state_city317","Kabupaten Biak Numfor","state_city.res_country_state24"
"state_city.res_state_city318","True","res_state_city318","Kabupaten Boven Digoel","state_city.res_country_state24"
"state_city.res_state_city319","True","res_state_city319","Kabupaten Deiyai","state_city.res_country_state24"
"state_city.res_state_city320","True","res_state_city320","Kabupaten Dogiyai","state_city.res_country_state24"
"state_city.res_state_city321","True","res_state_city321","Kabupaten Intan Jaya","state_city.res_country_state24"
"state_city.res_state_city322","False","res_state_city322","Kota Jayapura","state_city.res_country_state24"
"state_city.res_state_city323","True","res_state_city323","Kabupaten Jayapura","state_city.res_country_state24"
"state_city.res_state_city324","True","res_state_city324","Kabupaten Jayawijaya","state_city.res_country_state24"
"state_city.res_state_city325","True","res_state_city325","Kabupaten Keerom","state_city.res_country_state24"
"state_city.res_state_city326","True","res_state_city326","Kabupaten Kepulauan Yapen","state_city.res_country_state24"
"state_city.res_state_city327","True","res_state_city327","Kabupaten Lanny Jaya","state_city.res_country_state24"
"state_city.res_state_city328","True","res_state_city328","Kabupaten Mamberamo Raya","state_city.res_country_state24"
"state_city.res_state_city329","True","res_state_city329","Kabupaten Mamberamo Tengah","state_city.res_country_state24"
"state_city.res_state_city330","True","res_state_city330","Kabupaten Mappi","state_city.res_country_state24"
"state_city.res_state_city331","True","res_state_city331","Kabupaten Merauke","state_city.res_country_state24"
"state_city.res_state_city332","True","res_state_city332","Kabupaten Mimika","state_city.res_country_state24"
"state_city.res_state_city333","True","res_state_city333","Kabupaten Nabire","state_city.res_country_state24"
"state_city.res_state_city334","True","res_state_city334","Kabupaten Nduga","state_city.res_country_state24"
"state_city.res_state_city335","True","res_state_city335","Kabupaten Paniai","state_city.res_country_state24"
"state_city.res_state_city336","True","res_state_city336","Kabupaten Pegunungan Bintang","state_city.res_country_state24"
"state_city.res_state_city337","True","res_state_city337","Kabupaten Puncak","state_city.res_country_state24"
"state_city.res_state_city338","True","res_state_city338","Kabupaten Puncak Jaya","state_city.res_country_state24"
"state_city.res_state_city339","True","res_state_city339","Kabupaten Sarmi","state_city.res_country_state24"
"state_city.res_state_city340","True","res_state_city340","Kabupaten Supiori","state_city.res_country_state24"
"state_city.res_state_city341","True","res_state_city341","Kabupaten Tolikara","state_city.res_country_state24"
"state_city.res_state_city342","True","res_state_city342","Kabupaten Waropen","state_city.res_country_state24"
"state_city.res_state_city343","True","res_state_city343","Kabupaten Yahukimo","state_city.res_country_state24"
"state_city.res_state_city344","True","res_state_city344","Kabupaten Yalimo","state_city.res_country_state24"
"state_city.res_state_city345","True","res_state_city345","Kabupaten Fakfak","state_city.res_country_state25"
"state_city.res_state_city346","True","res_state_city346","Kabupaten Kaimana","state_city.res_country_state25"
"state_city.res_state_city347","True","res_state_city347","Kabupaten Manokwari","state_city.res_country_state25"
"state_city.res_state_city348","True","res_state_city348","Kabupaten Manokwari Selatan","state_city.res_country_state25"
"state_city.res_state_city349","True","res_state_city349","Kabupaten Maybrat","state_city.res_country_state25"
"state_city.res_state_city350","True","res_state_city350","Kabupaten Pegunungan Arfak","state_city.res_country_state25"
"state_city.res_state_city351","True","res_state_city351","Kabupaten Raja Ampat","state_city.res_country_state25"
"state_city.res_state_city352","False","res_state_city352","Kota Sorong","state_city.res_country_state25"
"state_city.res_state_city353","True","res_state_city353","Kabupaten Sorong","state_city.res_country_state25"
"state_city.res_state_city354","True","res_state_city354","Kabupaten Sorong Selatan","state_city.res_country_state25"
"state_city.res_state_city355","True","res_state_city355","Kabupaten Tambrauw","state_city.res_country_state25"
"state_city.res_state_city356","True","res_state_city356","Kabupaten Teluk Bintuni","state_city.res_country_state25"
"state_city.res_state_city357","True","res_state_city357","Kabupaten Teluk Wondama","state_city.res_country_state25"
"state_city.res_state_city358","True","res_state_city358","Kabupaten Bengkalis","state_city.res_country_state26"
"state_city.res_state_city359","False","res_state_city359","Kota Dumai","state_city.res_country_state26"
"state_city.res_state_city360","True","res_state_city360","Kabupaten Indragiri Hilir","state_city.res_country_state26"
"state_city.res_state_city361","True","res_state_city361","Kabupaten Indragiri Hulu","state_city.res_country_state26"
"state_city.res_state_city362","True","res_state_city362","Kabupaten Kampar","state_city.res_country_state26"
"state_city.res_state_city363","True","res_state_city363","Kabupaten Kepulauan Meranti","state_city.res_country_state26"
"state_city.res_state_city364","True","res_state_city364","Kabupaten Kuantan Singingi","state_city.res_country_state26"
"state_city.res_state_city365","False","res_state_city365","Kota Pekanbaru","state_city.res_country_state26"
"state_city.res_state_city366","True","res_state_city366","Kabupaten Pelalawan","state_city.res_country_state26"
"state_city.res_state_city367","True","res_state_city367","Kabupaten Rokan Hilir","state_city.res_country_state26"
"state_city.res_state_city368","True","res_state_city368","Kabupaten Rokan Hulu","state_city.res_country_state26"
"state_city.res_state_city369","True","res_state_city369","Kabupaten Siak","state_city.res_country_state26"
"state_city.res_state_city370","True","res_state_city370","Kabupaten Majene","state_city.res_country_state27"
"state_city.res_state_city371","True","res_state_city371","Kabupaten Mamasa","state_city.res_country_state27"
"state_city.res_state_city372","True","res_state_city372","Kabupaten Mamuju","state_city.res_country_state27"
"state_city.res_state_city373","True","res_state_city373","Kabupaten Mamuju Tengah","state_city.res_country_state27"
"state_city.res_state_city374","True","res_state_city374","Kabupaten Mamuju Utara","state_city.res_country_state27"
"state_city.res_state_city375","True","res_state_city375","Kabupaten Polewali Mandar","state_city.res_country_state27"
"state_city.res_state_city376","True","res_state_city376","Kabupaten Bantaeng","state_city.res_country_state28"
"state_city.res_state_city377","True","res_state_city377","Kabupaten Barru","state_city.res_country_state28"
"state_city.res_state_city378","True","res_state_city378","Kabupaten Bone","state_city.res_country_state28"
"state_city.res_state_city379","True","res_state_city379","Kabupaten Bulukumba","state_city.res_country_state28"
"state_city.res_state_city380","True","res_state_city380","Kabupaten Enrekang","state_city.res_country_state28"
"state_city.res_state_city381","True","res_state_city381","Kabupaten Gowa","state_city.res_country_state28"
"state_city.res_state_city382","True","res_state_city382","Kabupaten Jeneponto","state_city.res_country_state28"
"state_city.res_state_city383","True","res_state_city383","Kabupaten Kepulauan Selayar","state_city.res_country_state28"
"state_city.res_state_city384","True","res_state_city384","Kabupaten Luwu","state_city.res_country_state28"
"state_city.res_state_city385","True","res_state_city385","Kabupaten Luwu Timur","state_city.res_country_state28"
"state_city.res_state_city386","True","res_state_city386","Kabupaten Luwu Utara","state_city.res_country_state28"
"state_city.res_state_city387","False","res_state_city387","Kota Makassar","state_city.res_country_state28"
"state_city.res_state_city388","True","res_state_city388","Kabupaten Maros","state_city.res_country_state28"
"state_city.res_state_city389","False","res_state_city389","Kota Palopo","state_city.res_country_state28"
"state_city.res_state_city390","True","res_state_city390","Kabupaten Pangkajene Kepulauan","state_city.res_country_state28"
"state_city.res_state_city391","False","res_state_city391","Kota Parepare","state_city.res_country_state28"
"state_city.res_state_city392","True","res_state_city392","Kabupaten Pinrang","state_city.res_country_state28"
"state_city.res_state_city393","True","res_state_city393","Kabupaten Sidenreng Rappang","state_city.res_country_state28"
"state_city.res_state_city394","True","res_state_city394","Kabupaten Sinjai","state_city.res_country_state28"
"state_city.res_state_city395","True","res_state_city395","Kabupaten Soppeng","state_city.res_country_state28"
"state_city.res_state_city396","True","res_state_city396","Kabupaten Takalar","state_city.res_country_state28"
"state_city.res_state_city397","True","res_state_city397","Kabupaten Tana Toraja","state_city.res_country_state28"
"state_city.res_state_city398","True","res_state_city398","Kabupaten Toraja Utara","state_city.res_country_state28"
"state_city.res_state_city399","True","res_state_city399","Kabupaten Wajo","state_city.res_country_state28"
"state_city.res_state_city400","True","res_state_city400","Kabupaten Banggai","state_city.res_country_state29"
"state_city.res_state_city401","True","res_state_city401","Kabupaten Banggai Kepulauan","state_city.res_country_state29"
"state_city.res_state_city402","True","res_state_city402","Kabupaten Banggai Laut","state_city.res_country_state29"
"state_city.res_state_city403","True","res_state_city403","Kabupaten Buol","state_city.res_country_state29"
"state_city.res_state_city404","True","res_state_city404","Kabupaten Donggala","state_city.res_country_state29"
"state_city.res_state_city405","True","res_state_city405","Kabupaten Morowali","state_city.res_country_state29"
"state_city.res_state_city406","True","res_state_city406","Kabupaten Morowali Utara","state_city.res_country_state29"
"state_city.res_state_city407","False","res_state_city407","Kota Palu","state_city.res_country_state29"
"state_city.res_state_city408","True","res_state_city408","Kabupaten Parigi Moutong","state_city.res_country_state29"
"state_city.res_state_city409","True","res_state_city409","Kabupaten Poso","state_city.res_country_state29"
"state_city.res_state_city410","True","res_state_city410","Kabupaten Sigi","state_city.res_country_state29"
"state_city.res_state_city411","True","res_state_city411","Kabupaten Tojo Una-Una","state_city.res_country_state29"
"state_city.res_state_city412","True","res_state_city412","Kabupaten Toli-Toli","state_city.res_country_state29"
"state_city.res_state_city413","False","res_state_city413","Kota Bau-Bau","state_city.res_country_state30"
"state_city.res_state_city414","True","res_state_city414","Kabupaten Bombana","state_city.res_country_state30"
"state_city.res_state_city415","True","res_state_city415","Kabupaten Buton","state_city.res_country_state30"
"state_city.res_state_city416","True","res_state_city416","Kabupaten Buton Selatan","state_city.res_country_state30"
"state_city.res_state_city417","True","res_state_city417","Kabupaten Buton Tengah","state_city.res_country_state30"
"state_city.res_state_city418","True","res_state_city418","Kabupaten Buton Utara","state_city.res_country_state30"
"state_city.res_state_city419","False","res_state_city419","Kota Kendari","state_city.res_country_state30"
"state_city.res_state_city420","True","res_state_city420","Kabupaten Kolaka","state_city.res_country_state30"
"state_city.res_state_city421","True","res_state_city421","Kabupaten Kolaka Timur","state_city.res_country_state30"
"state_city.res_state_city422","True","res_state_city422","Kabupaten Kolaka Utara","state_city.res_country_state30"
"state_city.res_state_city423","True","res_state_city423","Kabupaten Konawe","state_city.res_country_state30"
"state_city.res_state_city424","True","res_state_city424","Kabupaten Konawe Kepulauan","state_city.res_country_state30"
"state_city.res_state_city425","True","res_state_city425","Kabupaten Konawe Selatan","state_city.res_country_state30"
"state_city.res_state_city426","True","res_state_city426","Kabupaten Konawe Utara","state_city.res_country_state30"
"state_city.res_state_city427","True","res_state_city427","Kabupaten Muna","state_city.res_country_state30"
"state_city.res_state_city428","True","res_state_city428","Kabupaten Muna Barat","state_city.res_country_state30"
"state_city.res_state_city429","True","res_state_city429","Kabupaten Wakatobi","state_city.res_country_state30"
"state_city.res_state_city430","False","res_state_city430","Kota Bitung","state_city.res_country_state31"
"state_city.res_state_city431","True","res_state_city431","Kabupaten Bolaang Mongondow","state_city.res_country_state31"
"state_city.res_state_city432","True","res_state_city432","Kabupaten Bolaang Mongondow Selatan","state_city.res_country_state31"
"state_city.res_state_city433","True","res_state_city433","Kabupaten Bolaang Mongondow Timur","state_city.res_country_state31"
"state_city.res_state_city434","True","res_state_city434","Kabupaten Bolaang Mongondow Utara","state_city.res_country_state31"
"state_city.res_state_city435","True","res_state_city435","Kabupaten Kepulauan Sangihe","state_city.res_country_state31"
"state_city.res_state_city436","True","res_state_city436","Kabupaten Kepulauan Siau Tagulandang Biaro (Sitaro)","state_city.res_country_state31"
"state_city.res_state_city437","True","res_state_city437","Kabupaten Kepulauan Talaud","state_city.res_country_state31"
"state_city.res_state_city438","False","res_state_city438","Kota Kotamobagu","state_city.res_country_state31"
"state_city.res_state_city439","False","res_state_city439","Kota Manado","state_city.res_country_state31"
"state_city.res_state_city440","True","res_state_city440","Kabupaten Minahasa","state_city.res_country_state31"
"state_city.res_state_city441","True","res_state_city441","Kabupaten Minahasa Selatan","state_city.res_country_state31"
"state_city.res_state_city442","True","res_state_city442","Kabupaten Minahasa Tenggara","state_city.res_country_state31"
"state_city.res_state_city443","True","res_state_city443","Kabupaten Minahasa Utara","state_city.res_country_state31"
"state_city.res_state_city444","False","res_state_city444","Kota Tomohon","state_city.res_country_state31"
"state_city.res_state_city445","True","res_state_city445","Kabupaten Agam","state_city.res_country_state32"
"state_city.res_state_city446","False","res_state_city446","Kota Bukittinggi","state_city.res_country_state32"
"state_city.res_state_city447","True","res_state_city447","Kabupaten Dharmasraya","state_city.res_country_state32"
"state_city.res_state_city448","True","res_state_city448","Kabupaten Kepulauan Mentawai","state_city.res_country_state32"
"state_city.res_state_city449","True","res_state_city449","Kabupaten Lima Puluh","state_city.res_country_state32"
"state_city.res_state_city450","False","res_state_city450","Kota Padang","state_city.res_country_state32"
"state_city.res_state_city451","False","res_state_city451","Kota Padang Panjang","state_city.res_country_state32"
"state_city.res_state_city452","True","res_state_city452","Kabupaten Padang Pariaman","state_city.res_country_state32"
"state_city.res_state_city453","False","res_state_city453","Kota Pariaman","state_city.res_country_state32"
"state_city.res_state_city454","True","res_state_city454","Kabupaten Pasaman","state_city.res_country_state32"
"state_city.res_state_city455","True","res_state_city455","Kabupaten Pasaman Barat","state_city.res_country_state32"
"state_city.res_state_city456","False","res_state_city456","Kota Payakumbuh","state_city.res_country_state32"
"state_city.res_state_city457","True","res_state_city457","Kabupaten Pesisir Selatan","state_city.res_country_state32"
"state_city.res_state_city458","False","res_state_city458","Kota Sawahlunto","state_city.res_country_state32"
"state_city.res_state_city459","True","res_state_city459","Kabupaten Sijunjung","state_city.res_country_state32"
"state_city.res_state_city460","False","res_state_city460","Kota Solok","state_city.res_country_state32"
"state_city.res_state_city461","True","res_state_city461","Kabupaten Solok","state_city.res_country_state32"
"state_city.res_state_city462","True","res_state_city462","Kabupaten Solok Selatan","state_city.res_country_state32"
"state_city.res_state_city463","True","res_state_city463","Kabupaten Tanah Datar","state_city.res_country_state32"
"state_city.res_state_city464","True","res_state_city464","Kabupaten Banyuasin","state_city.res_country_state33"
"state_city.res_state_city465","True","res_state_city465","Kabupaten Empat Lawang","state_city.res_country_state33"
"state_city.res_state_city466","True","res_state_city466","Kabupaten Lahat","state_city.res_country_state33"
"state_city.res_state_city467","False","res_state_city467","Kota Lubuk Linggau","state_city.res_country_state33"
"state_city.res_state_city468","True","res_state_city468","Kabupaten Muara Enim","state_city.res_country_state33"
"state_city.res_state_city469","True","res_state_city469","Kabupaten Musi Banyuasin","state_city.res_country_state33"
"state_city.res_state_city470","True","res_state_city470","Kabupaten Musi Rawas","state_city.res_country_state33"
"state_city.res_state_city471","True","res_state_city471","Kabupaten Musi Rawas Utara","state_city.res_country_state33"
"state_city.res_state_city472","True","res_state_city472","Kabupaten Ogan Ilir","state_city.res_country_state33"
"state_city.res_state_city473","True","res_state_city473","Kabupaten Ogan Komering Ilir","state_city.res_country_state33"
"state_city.res_state_city474","True","res_state_city474","Kabupaten Ogan Komering Ulu","state_city.res_country_state33"
"state_city.res_state_city475","True","res_state_city475","Kabupaten Ogan Komering Ulu Selatan","state_city.res_country_state33"
"state_city.res_state_city476","True","res_state_city476","Kabupaten Ogan Komering Ulu Timur","state_city.res_country_state33"
"state_city.res_state_city477","False","res_state_city477","Kota Pagar Alam","state_city.res_country_state33"
"state_city.res_state_city478","False","res_state_city478","Kota Palembang","state_city.res_country_state33"
"state_city.res_state_city479","True","res_state_city479","Kabupaten Penukal Abab Lematang Ilir","state_city.res_country_state33"
"state_city.res_state_city480","False","res_state_city480","Kota Prabumulih","state_city.res_country_state33"
"state_city.res_state_city481","True","res_state_city481","Kabupaten Asahan","state_city.res_country_state34"
"state_city.res_state_city482","True","res_state_city482","Kabupaten Batu Bara","state_city.res_country_state34"
"state_city.res_state_city483","False","res_state_city483","Kota Binjai","state_city.res_country_state34"
"state_city.res_state_city484","True","res_state_city484","Kabupaten Dairi","state_city.res_country_state34"
"state_city.res_state_city485","True","res_state_city485","Kabupaten Deli Serdang","state_city.res_country_state34"
"state_city.res_state_city486","False","res_state_city486","Kota Gunungsitoli","state_city.res_country_state34"
"state_city.res_state_city487","True","res_state_city487","Kabupaten Humbang Hasundutan","state_city.res_country_state34"
"state_city.res_state_city488","True","res_state_city488","Kabupaten Karo","state_city.res_country_state34"
"state_city.res_state_city489","True","res_state_city489","Kabupaten Labuhanbatu","state_city.res_country_state34"
"state_city.res_state_city490","True","res_state_city490","Kabupaten Labuhanbatu Selatan","state_city.res_country_state34"
"state_city.res_state_city491","True","res_state_city491","Kabupaten Labuhanbatu Utara","state_city.res_country_state34"
"state_city.res_state_city492","True","res_state_city492","Kabupaten Langkat","state_city.res_country_state34"
"state_city.res_state_city493","True","res_state_city493","Kabupaten Mandailing Natal","state_city.res_country_state34"
"state_city.res_state_city494","False","res_state_city494","Kota Medan","state_city.res_country_state34"
"state_city.res_state_city495","True","res_state_city495","Kabupaten Nias","state_city.res_country_state34"
"state_city.res_state_city496","True","res_state_city496","Kabupaten Nias Barat","state_city.res_country_state34"
"state_city.res_state_city497","True","res_state_city497","Kabupaten Nias Selatan","state_city.res_country_state34"
"state_city.res_state_city498","True","res_state_city498","Kabupaten Nias Utara","state_city.res_country_state34"
"state_city.res_state_city499","True","res_state_city499","Kabupaten Padang Lawas","state_city.res_country_state34"
"state_city.res_state_city500","True","res_state_city500","Kabupaten Padang Lawas Utara","state_city.res_country_state34"
"state_city.res_state_city501","False","res_state_city501","Kota Padang Sidempuan","state_city.res_country_state34"
"state_city.res_state_city502","True","res_state_city502","Kabupaten Pakpak Bharat","state_city.res_country_state34"
"state_city.res_state_city503","False","res_state_city503","Kota Pematangsiantar","state_city.res_country_state34"
"state_city.res_state_city504","True","res_state_city504","Kabupaten Samosir","state_city.res_country_state34"
"state_city.res_state_city505","True","res_state_city505","Kabupaten Serdang Bedagai","state_city.res_country_state34"
"state_city.res_state_city506","False","res_state_city506","Kota Sibolga","state_city.res_country_state34"
"state_city.res_state_city507","True","res_state_city507","Kabupaten Simalungun","state_city.res_country_state34"
"state_city.res_state_city508","False","res_state_city508","Kota Tanjung Balai","state_city.res_country_state34"
"state_city.res_state_city509","True","res_state_city509","Kabupaten Tapanuli Selatan","state_city.res_country_state34"
"state_city.res_state_city510","True","res_state_city510","Kabupaten Tapanuli Tengah","state_city.res_country_state34"
"state_city.res_state_city511","True","res_state_city511","Kabupaten Tapanuli Utara","state_city.res_country_state34"
"state_city.res_state_city512","False","res_state_city512","Kota Tebing Tinggi","state_city.res_country_state34"
"state_city.res_state_city513","True","res_state_city513","Kabupaten Toba Samosir","state_city.res_country_state34"
